{"cameraMode":{"drawMode":0,"name":"Shaded","section":"Shading Mode"},"sceneLighting":true,"audioPlay":false,"sceneViewState":{"showFog":true,"showMaterialUpdate":false,"showSkybox":true,"showFlares":true,"showImageEffects":true,"showParticleSystems":true},"in2DMode":false,"pivot":{"x":-97.73700714111328,"y":247.8658447265625,"z":245.05661010742188},"rotation":{"x":0.2219306230545044,"y":-0.011702082119882107,"z":0.0026645248290151359,"w":0.9749965071678162},"size":1.8828973770141602,"orthographic":false}