{"cameraMode":{"drawMode":0,"name":"Shaded","section":"Shading Mode"},"sceneLighting":true,"audioPlay":false,"sceneViewState":{"showFog":true,"showMaterialUpdate":false,"showSkybox":true,"showFlares":true,"showImageEffects":true,"showParticleSystems":true},"in2DMode":false,"pivot":{"x":-50.606502532958987,"y":3.3275833129882814,"z":919.2811889648438},"rotation":{"x":0.1341751515865326,"y":0.8450900316238403,"z":-0.2503460645675659,"w":0.45293426513671877},"size":74.74321746826172,"orthographic":false}