{"cameraMode":{"drawMode":0,"name":"Shaded","section":"Shading Mode"},"sceneLighting":false,"audioPlay":false,"sceneViewState":{"showFog":true,"showMaterialUpdate":false,"showSkybox":false,"showFlares":true,"showImageEffects":true,"showParticleSystems":true},"in2DMode":false,"pivot":{"x":-0.02001953125,"y":1.6099929809570313,"z":0.100006103515625},"rotation":{"x":-0.2819361984729767,"y":-0.29586195945739748,"z":0.09148938953876496,"w":-0.9081823229789734},"size":330.0826721191406,"orthographic":false}