{"cameraMode":{"drawMode":0,"name":"Shaded","section":"Shading Mode"},"sceneLighting":false,"audioPlay":false,"sceneViewState":{"showFog":true,"showMaterialUpdate":false,"showSkybox":false,"showFlares":true,"showImageEffects":true,"showParticleSystems":true},"in2DMode":false,"pivot":{"x":-49.402618408203128,"y":2.5299999713897707,"z":-58.09558868408203},"rotation":{"x":0.34820473194122317,"y":-0.3572048842906952,"z":0.14558379352092744,"w":0.854384183883667},"size":4.565232276916504,"orthographic":true}