{"cameraMode":{"drawMode":0,"name":"Shaded","section":"Shading Mode"},"sceneLighting":true,"audioPlay":false,"sceneViewState":{"showFog":true,"showMaterialUpdate":false,"showSkybox":true,"showFlares":true,"showImageEffects":true,"showParticleSystems":true},"in2DMode":false,"pivot":{"x":-92.0467529296875,"y":16.116641998291017,"z":958.7764892578125},"rotation":{"x":-0.21282175183296204,"y":-0.30406153202056887,"z":0.06990283727645874,"w":-0.9260514378547669},"size":19.67350196838379,"orthographic":false}