{"cameraMode":{"drawMode":0,"name":"Shaded","section":"Shading Mode"},"sceneLighting":true,"audioPlay":false,"sceneViewState":{"showFog":true,"showMaterialUpdate":false,"showSkybox":true,"showFlares":true,"showImageEffects":true,"showParticleSystems":true},"in2DMode":false,"pivot":{"x":66.02398681640625,"y":-7.4735107421875,"z":509.5338134765625},"rotation":{"x":0.2226925492286682,"y":0.6568493843078613,"z":-0.21250785887241364,"w":0.6883294582366943},"size":567.5152587890625,"orthographic":false}