{"cameraMode":{"drawMode":0,"name":"Shaded","section":"Shading Mode"},"sceneLighting":true,"audioPlay":false,"sceneViewState":{"showFog":true,"showMaterialUpdate":false,"showSkybox":true,"showFlares":true,"showImageEffects":true,"showParticleSystems":true},"in2DMode":false,"pivot":{"x":-108.78271484375,"y":42.792640686035159,"z":370.95550537109377},"rotation":{"x":-0.007053142413496971,"y":0.9929395914077759,"z":-0.08600298315286637,"w":-0.08149739354848862},"size":261.6164855957031,"orthographic":false}