{"cameraMode":{"drawMode":0,"name":"Shaded","section":"Shading Mode"},"sceneLighting":true,"audioPlay":false,"sceneViewState":{"showFog":true,"showMaterialUpdate":false,"showSkybox":true,"showFlares":true,"showImageEffects":true,"showParticleSystems":true},"in2DMode":false,"pivot":{"x":-27.5,"y":-0.09999847412109375,"z":403.70001220703127},"rotation":{"x":0.008627263829112053,"y":0.9893847107887268,"z":-0.1292468011379242,"w":0.06599701195955277},"size":261.6164855957031,"orthographic":false}