{"cameraMode":{"drawMode":0,"name":"Shaded","section":"Shading Mode"},"sceneLighting":false,"audioPlay":false,"sceneViewState":{"showFog":true,"showMaterialUpdate":false,"showSkybox":false,"showFlares":true,"showImageEffects":true,"showParticleSystems":true},"in2DMode":false,"pivot":{"x":-47.85625076293945,"y":2.5438501834869386,"z":-59.827125549316409},"rotation":{"x":0.1778171807527542,"y":0.7254576086997986,"z":-0.20505684614181519,"w":0.6327745914459229},"size":4.410076141357422,"orthographic":false}