{"cameraMode":{"drawMode":0,"name":"Shaded","section":"Shading Mode"},"sceneLighting":false,"audioPlay":false,"sceneViewState":{"showFog":true,"showMaterialUpdate":false,"showSkybox":false,"showFlares":true,"showImageEffects":true,"showParticleSystems":true},"in2DMode":false,"pivot":{"x":91.08999633789063,"y":11.668999671936036,"z":-100.33999633789063},"rotation":{"x":0.25884154438972475,"y":0.3412552773952484,"z":-0.09916800260543823,"w":0.8983709812164307},"size":3.2042925357818605,"orthographic":false}