{"cameraMode":{"drawMode":0,"name":"Shaded","section":"Shading Mode"},"sceneLighting":true,"audioPlay":false,"sceneViewState":{"showFog":true,"showMaterialUpdate":false,"showSkybox":true,"showFlares":true,"showImageEffects":true,"showParticleSystems":true},"in2DMode":false,"pivot":{"x":-93.201904296875,"y":-16.331676483154298,"z":1009.2772827148438},"rotation":{"x":-0.24288268387317658,"y":-0.02638925053179264,"z":0.006337346509099007,"w":-0.9697616696357727},"size":235.6044158935547,"orthographic":false}