{"cameraMode":{"drawMode":0,"name":"Shaded","section":"Shading Mode"},"sceneLighting":false,"audioPlay":false,"sceneViewState":{"showFog":true,"showMaterialUpdate":false,"showSkybox":false,"showFlares":true,"showImageEffects":true,"showParticleSystems":true},"in2DMode":false,"pivot":{"x":-49.402618408203128,"y":2.5299999713897707,"z":-58.09558868408203},"rotation":{"x":-1.54586246026156e-8,"y":0.011999704875051976,"z":-4.8169757072002998e-9,"w":0.9999279379844666},"size":3.707569122314453,"orthographic":true}