{"cameraMode":{"drawMode":0,"name":"Shaded","section":"Shading Mode"},"sceneLighting":false,"audioPlay":false,"sceneViewState":{"showFog":true,"showMaterialUpdate":false,"showSkybox":false,"showFlares":true,"showImageEffects":true,"showParticleSystems":true},"in2DMode":false,"pivot":{"x":-49.402618408203128,"y":2.5299999713897707,"z":-58.09558868408203},"rotation":{"x":0.1250317394733429,"y":-0.18050388991832734,"z":0.023142637684941293,"w":0.9753245711326599},"size":4.565232276916504,"orthographic":true}