{"cameraMode":{"drawMode":0,"name":"Shaded","section":"Shading Mode"},"sceneLighting":false,"audioPlay":false,"sceneViewState":{"showFog":true,"showMaterialUpdate":false,"showSkybox":false,"showFlares":true,"showImageEffects":true,"showParticleSystems":true},"in2DMode":false,"pivot":{"x":-49.74920654296875,"y":1.9229501485824586,"z":-58.6547966003418},"rotation":{"x":-0.25198546051979067,"y":-0.6538429856300354,"z":0.24666985869407655,"w":-0.6696703433990479},"size":3.204292058944702,"orthographic":false}