{"cameraMode":{"drawMode":0,"name":"Shaded","section":"Shading Mode"},"sceneLighting":true,"audioPlay":false,"sceneViewState":{"showFog":true,"showMaterialUpdate":false,"showSkybox":true,"showFlares":true,"showImageEffects":true,"showParticleSystems":true},"in2DMode":false,"pivot":{"x":896.8306884765625,"y":323.26611328125,"z":990.2423095703125},"rotation":{"x":0.25599223375320437,"y":0.013049691915512085,"z":-0.0034560994245111944,"w":0.9665848016738892},"size":73.48361206054688,"orthographic":false}