{"cameraMode":{"drawMode":0,"name":"Shaded","section":"Shading Mode"},"sceneLighting":true,"audioPlay":false,"sceneViewState":{"showFog":true,"showMaterialUpdate":false,"showSkybox":true,"showFlares":true,"showImageEffects":true,"showParticleSystems":true},"in2DMode":false,"pivot":{"x":-460.9119873046875,"y":-549.4566040039063,"z":-414.04705810546877},"rotation":{"x":-0.06779655069112778,"y":0.9313575625419617,"z":-0.27228614687919619,"w":-0.2323172688484192},"size":593.8355102539063,"orthographic":false}