{"cameraMode":{"drawMode":0,"name":"Shaded","section":"Shading Mode"},"sceneLighting":false,"audioPlay":false,"sceneViewState":{"showFog":true,"showMaterialUpdate":false,"showSkybox":false,"showFlares":true,"showImageEffects":true,"showParticleSystems":true},"in2DMode":false,"pivot":{"x":-1.85150146484375,"y":1.0011725425720215,"z":2.273559093475342},"rotation":{"x":0.16483446955680848,"y":0.6126906275749207,"z":-0.132860466837883,"w":0.7615161538124085},"size":14.77668285369873,"orthographic":false}