{"cameraMode":{"drawMode":0,"name":"Shaded","section":"Shading Mode"},"sceneLighting":true,"audioPlay":false,"sceneViewState":{"showFog":true,"showMaterialUpdate":false,"showSkybox":true,"showFlares":true,"showImageEffects":true,"showParticleSystems":true},"in2DMode":false,"pivot":{"x":-93.18086242675781,"y":9.760049819946289,"z":958.7098999023438},"rotation":{"x":-0.27970197796821597,"y":0.5028550028800964,"z":-0.17621253430843354,"w":-0.7987319231033325},"size":3.064627170562744,"orthographic":false}