{"cameraMode":{"drawMode":0,"name":"Shaded","section":"Shading Mode"},"sceneLighting":false,"audioPlay":false,"sceneViewState":{"showFog":true,"showMaterialUpdate":false,"showSkybox":false,"showFlares":true,"showImageEffects":true,"showParticleSystems":true},"in2DMode":false,"pivot":{"x":426.4288330078125,"y":651.64794921875,"z":-26.147430419921876},"rotation":{"x":-0.47322243452072146,"y":0.00394434342160821,"z":-0.0025246895384043457,"w":-0.8810392618179321},"size":525.4502563476563,"orthographic":false}