{"cameraMode":{"drawMode":0,"name":"Shaded","section":"Shading Mode"},"sceneLighting":true,"audioPlay":false,"sceneViewState":{"showFog":true,"showMaterialUpdate":false,"showSkybox":true,"showFlares":true,"showImageEffects":true,"showParticleSystems":true},"in2DMode":false,"pivot":{"x":577.8876953125,"y":-101.88805389404297,"z":534.0015869140625},"rotation":{"x":-0.06772889941930771,"y":0.9198453426361084,"z":-0.18311557173728944,"w":-0.34027257561683657},"size":266.8029479980469,"orthographic":false}