{"cameraMode":{"drawMode":0,"name":"Shaded","section":"Shading Mode"},"sceneLighting":true,"audioPlay":false,"sceneViewState":{"showFog":true,"showMaterialUpdate":false,"showSkybox":true,"showFlares":true,"showImageEffects":true,"showParticleSystems":true},"in2DMode":false,"pivot":{"x":-103.10405731201172,"y":14.618270874023438,"z":899.9383544921875},"rotation":{"x":0.22157806158065797,"y":-0.4761549234390259,"z":0.1253339946269989,"w":0.8417219519615173},"size":9.186187744140625,"orthographic":false}