{"cameraMode":{"drawMode":0,"name":"Shaded","section":"Shading Mode"},"sceneLighting":true,"audioPlay":false,"sceneViewState":{"showFog":true,"showMaterialUpdate":false,"showSkybox":true,"showFlares":true,"showImageEffects":true,"showParticleSystems":true},"in2DMode":false,"pivot":{"x":-53.101863861083987,"y":39.96881866455078,"z":682.7576904296875},"rotation":{"x":-0.021415330469608308,"y":-0.9765809178352356,"z":0.11566588282585144,"w":-0.18043632805347444},"size":20.731121063232423,"orthographic":false}