{"cameraMode":{"drawMode":0,"name":"Shaded","section":"Shading Mode"},"sceneLighting":true,"audioPlay":false,"sceneViewState":{"showFog":true,"showMaterialUpdate":false,"showSkybox":true,"showFlares":true,"showImageEffects":true,"showParticleSystems":true},"in2DMode":false,"pivot":{"x":1227.498291015625,"y":185.60809326171876,"z":861.3829345703125},"rotation":{"x":0.10398334264755249,"y":0.8419833183288574,"z":-0.4995702803134918,"w":0.17522551119327546},"size":93.98699188232422,"orthographic":false}