{"cameraMode":{"drawMode":0,"name":"Shaded","section":"Shading Mode"},"sceneLighting":true,"audioPlay":false,"sceneViewState":{"showFog":true,"showMaterialUpdate":false,"showSkybox":true,"showFlares":true,"showImageEffects":true,"showParticleSystems":true},"in2DMode":false,"pivot":{"x":-30.363208770751954,"y":81.87549591064453,"z":1821.7706298828125},"rotation":{"x":-0.21440666913986207,"y":-0.24101325869560243,"z":0.05097270756959915,"w":-0.9459563493728638},"size":10.0,"orthographic":false}