{"cameraMode":{"drawMode":0,"name":"Shaded","section":"Shading Mode"},"sceneLighting":false,"audioPlay":false,"sceneViewState":{"showFog":true,"showMaterialUpdate":false,"showSkybox":false,"showFlares":true,"showImageEffects":true,"showParticleSystems":true},"in2DMode":false,"pivot":{"x":-32.99046325683594,"y":29.017728805541993,"z":-133.00396728515626},"rotation":{"x":-0.00986674427986145,"y":-0.9900843501091003,"z":-0.09653900563716889,"w":0.10195428878068924},"size":73.62647247314453,"orthographic":false}