{"cameraMode":{"drawMode":0,"name":"Shaded","section":"Shading Mode"},"sceneLighting":false,"audioPlay":false,"sceneViewState":{"showFog":true,"showMaterialUpdate":false,"showSkybox":false,"showFlares":true,"showImageEffects":true,"showParticleSystems":true},"in2DMode":false,"pivot":{"x":65.66810607910156,"y":385.7847900390625,"z":45.013702392578128},"rotation":{"x":0.04297705739736557,"y":0.19094902276992799,"z":-0.008434302173554898,"w":0.9806647896766663},"size":68.13311767578125,"orthographic":false}