{"cameraMode":{"drawMode":0,"name":"Shaded","section":"Shading Mode"},"sceneLighting":true,"audioPlay":false,"sceneViewState":{"showFog":true,"showMaterialUpdate":false,"showSkybox":true,"showFlares":true,"showImageEffects":true,"showParticleSystems":true},"in2DMode":false,"pivot":{"x":1031.8192138671875,"y":2288.70556640625,"z":1462.221435546875},"rotation":{"x":-0.4654370844364166,"y":-0.5328976511955261,"z":0.46994200348854067,"w":-0.5278000831604004},"size":425.8718566894531,"orthographic":false}